Category_0;Category_1;Category_2;Category_3
oeufs produits laitiers;cremerie oeufs laits;laits;lait demi-ecreme
oeufs produits laitiers;cremerie oeufs laits;laits;lait ecreme
oeufs produits laitiers;cremerie oeufs laits;laits;lait entier
oeufs produits laitiers;cremerie oeufs laits;laits;lait frais
oeufs produits laitiers;cremerie oeufs laits;laits;lait aromatise
oeufs produits laitiers;cremerie oeufs laits;laits;lait sans lactose lait de chevre ou brebis
oeufs produits laitiers;cremerie oeufs laits;laits;bouteilles a l unite
oeufs produits laitiers;cremerie oeufs laits;oeufs;oeufs de plein air
oeufs produits laitiers;cremerie oeufs laits;oeufs;oeufs standards
oeufs produits laitiers;cremerie oeufs laits;oeufs;oeufs label rouge
oeufs produits laitiers;cremerie oeufs laits;oeufs;oeufs bio
oeufs produits laitiers;cremerie oeufs laits;beurres;beurres doux
oeufs produits laitiers;cremerie oeufs laits;beurres;beurres demi sel
oeufs produits laitiers;cremerie oeufs laits;beurres;beurres alleges
oeufs produits laitiers;cremerie oeufs laits;beurres;beurriers
oeufs produits laitiers;cremerie oeufs laits;beurres;plaquettes
oeufs produits laitiers;cremerie oeufs laits;beurres;moules
oeufs produits laitiers;cremerie oeufs laits;margarines;classique
oeufs produits laitiers;cremerie oeufs laits;margarines;sante
oeufs produits laitiers;cremerie oeufs laits;cremes chantilly aides culinaires;cremes fraiches epaisses
oeufs produits laitiers;cremerie oeufs laits;cremes chantilly aides culinaires;cremes semi epaisses
oeufs produits laitiers;cremerie oeufs laits;cremes chantilly aides culinaires;cremes fluides
oeufs produits laitiers;cremerie oeufs laits;cremes chantilly aides culinaires;sauces aides culinaires
oeufs produits laitiers;cremerie oeufs laits;cremes chantilly aides culinaires;chantilly cremes fouettees
oeufs produits laitiers;cremerie oeufs laits;boissons vegetales;boissons laits amande
oeufs produits laitiers;cremerie oeufs laits;boissons vegetales;boissons laits coco noisette avoine
oeufs produits laitiers;cremerie oeufs laits;boissons vegetales;boissons soja
oeufs produits laitiers;yaourts fromages blancs;yaourts nature fromages blancs petits suisses;fromages blancs
oeufs produits laitiers;yaourts fromages blancs;yaourts nature fromages blancs petits suisses;yaourts nature
oeufs produits laitiers;yaourts fromages blancs;yaourts nature fromages blancs petits suisses;yaourts a la grecque
oeufs produits laitiers;yaourts fromages blancs;yaourts nature fromages blancs petits suisses;petits suisses
oeufs produits laitiers;yaourts fromages blancs;yaourts nature fromages blancs petits suisses;yaourts alleges nature
oeufs produits laitiers;yaourts fromages blancs;yaourts aux fruits yaourts aromatises;yaourts aux fruits
oeufs produits laitiers;yaourts fromages blancs;yaourts aux fruits yaourts aromatises;yaourts mixes brasses aux fruits
oeufs produits laitiers;yaourts fromages blancs;yaourts aux fruits yaourts aromatises;yaourts sur lit de fruits
oeufs produits laitiers;yaourts fromages blancs;yaourts aux fruits yaourts aromatises;yaourts aromatises
oeufs produits laitiers;yaourts fromages blancs;yaourts aux fruits yaourts aromatises;yaourts alleges fruites
oeufs produits laitiers;yaourts fromages blancs;yaourts aux fruits yaourts aromatises;yaourts a boire
oeufs produits laitiers;yaourts fromages blancs;yaourts alleges bien etre skyr;skyr
oeufs produits laitiers;yaourts fromages blancs;yaourts alleges bien etre skyr;yaourts alleges aux fruits aromatises
oeufs produits laitiers;yaourts fromages blancs;yaourts alleges bien etre skyr;yaourts alleges nature
oeufs produits laitiers;yaourts fromages blancs;yaourts alleges bien etre skyr;yaourts hyperproteines
oeufs produits laitiers;yaourts fromages blancs;yaourts alleges bien etre skyr;yaourts au bifidus bien etre
oeufs produits laitiers;yaourts fromages blancs;yaourts enfant;yaourts a boire enfant
oeufs produits laitiers;yaourts fromages blancs;yaourts enfant;yaourts aux fruits aromatises
oeufs produits laitiers;yaourts fromages blancs;yaourts enfant;cremes desserts enfant
oeufs produits laitiers;yaourts fromages blancs;yaourts enfant;petits suisses
oeufs produits laitiers;yaourts fromages blancs;yaourts enfant;gouters
oeufs produits laitiers;yaourts fromages blancs;yaourts enfant;flans gelifies
oeufs produits laitiers;desserts compotes;cremes dessert petits pots de creme;cremes dessert
oeufs produits laitiers;desserts compotes;cremes dessert petits pots de creme;petits pots
oeufs produits laitiers;desserts compotes;compotes;compotes sans morceaux
oeufs produits laitiers;desserts compotes;compotes;compotes sans sucres ajoutes
oeufs produits laitiers;desserts compotes;compotes;compotes en pots
oeufs produits laitiers;desserts compotes;compotes;compotes en bocal
oeufs produits laitiers;desserts compotes;compotes;compotes en gourde
oeufs produits laitiers;desserts compotes;mousses liegeois;mousses
oeufs produits laitiers;desserts compotes;mousses liegeois;liegeois
oeufs produits laitiers;desserts compotes;flans cremes aux oeufs riz au lait;riz au lait semoule
oeufs produits laitiers;desserts compotes;flans cremes aux oeufs riz au lait;flans cremes aux oeufs cremes brulees
oeufs produits laitiers;desserts compotes;desserts soja vegetal;desserts vegetaux coco amande
oeufs produits laitiers;desserts compotes;desserts soja vegetal;desserts vegetaux soja
oeufs produits laitiers;fromages a deguster a la coupe;emmental comte gouda bloc;emmental comte
oeufs produits laitiers;fromages a deguster a la coupe;emmental comte gouda bloc;mimolette gouda
oeufs produits laitiers;fromages a deguster a la coupe;emmental comte gouda bloc;tomme beaufort
oeufs produits laitiers;fromages a deguster a la coupe;emmental comte gouda bloc;ossau iraty fromage des pyrenees
oeufs produits laitiers;fromages a deguster a la coupe;camembert coulommiers brie;camembert
oeufs produits laitiers;fromages a deguster a la coupe;camembert coulommiers brie;coulommiers
oeufs produits laitiers;fromages a deguster a la coupe;camembert coulommiers brie;brie
oeufs produits laitiers;fromages a deguster a la coupe;camembert coulommiers brie;fromages cremeux et ovales
oeufs produits laitiers;fromages a deguster a la coupe;camembert coulommiers brie;fromages roux
oeufs produits laitiers;fromages a deguster a la coupe;chevre brebis;fromages de chevre
oeufs produits laitiers;fromages a deguster a la coupe;chevre brebis;fromages de brebis
oeufs produits laitiers;fromages a deguster a la coupe;bleu roquefort;fromages bleus fourme d ambert
oeufs produits laitiers;fromages a deguster a la coupe;bleu roquefort;roquefort
oeufs produits laitiers;fromages a deguster a la coupe;plateaux de fromages;plateau de fromage pret a deguster
oeufs produits laitiers;fromages a deguster a la coupe;plateaux de fromages;fromage a pate dure
oeufs produits laitiers;fromages a deguster a la coupe;plateaux de fromages;fromage a pate molle
oeufs produits laitiers;fromages a deguster a la coupe;plateaux de fromages;fromage a pate persillee
oeufs produits laitiers;fromages a deguster a la coupe;plateaux de fromages;fromage de chevre brebis
oeufs produits laitiers;fromages a cuisiner aperitifs rapes;fromages a fondre raclette tartiflette;raclette
oeufs produits laitiers;fromages a cuisiner aperitifs rapes;fromages a fondre raclette tartiflette;fondue
oeufs produits laitiers;fromages a cuisiner aperitifs rapes;fromages a fondre raclette tartiflette;tartiflette reblochon
oeufs produits laitiers;fromages a cuisiner aperitifs rapes;fromages a fondre raclette tartiflette;autres fromages a fondre
oeufs produits laitiers;fromages a cuisiner aperitifs rapes;fromages rapes;emmental comte rapes
oeufs produits laitiers;fromages a cuisiner aperitifs rapes;fromages rapes;parmesan rapes italiens
oeufs produits laitiers;fromages a cuisiner aperitifs rapes;fromages rapes;autres fromages rapes
oeufs produits laitiers;fromages a cuisiner aperitifs rapes;fromages a tartiner;nature
oeufs produits laitiers;fromages a cuisiner aperitifs rapes;fromages a tartiner;ails fines herbes
oeufs produits laitiers;fromages a cuisiner aperitifs rapes;fromages a tartiner;autres saveurs
oeufs produits laitiers;fromages a cuisiner aperitifs rapes;fromages a tartiner;alleges
oeufs produits laitiers;fromages a cuisiner aperitifs rapes;mozzarella feta salade;mozzarella
oeufs produits laitiers;fromages a cuisiner aperitifs rapes;mozzarella feta salade;feta
oeufs produits laitiers;fromages a cuisiner aperitifs rapes;mozzarella feta salade;ricotta
oeufs produits laitiers;fromages a cuisiner aperitifs rapes;mozzarella feta salade;des de fromage
oeufs produits laitiers;fromages a cuisiner aperitifs rapes;mozzarella feta salade;palets et batonnets croustillants
oeufs produits laitiers;fromages a cuisiner aperitifs rapes;mozzarella feta salade;mascarpone
fruits legumes;fruits;fruits secs graines;amandes noix noisettes
fruits legumes;fruits;fruits secs graines;pruneaux abricots secs
fruits legumes;fruits;fruits secs graines;dattes figues
fruits legumes;fruits;fruits secs graines;melanges graines fruits exotiques
fruits legumes;fruits;fruits secs graines;raisins secs cranberries
fruits legumes;fruits;fruits secs graines;pistaches
fruits legumes;fruits;agrumes;oranges
fruits legumes;fruits;agrumes;clementines
fruits legumes;fruits;agrumes;citrons
fruits legumes;fruits;agrumes;pomelos
fruits legumes;fruits;pommes poires;pommes
fruits legumes;fruits;pommes poires;poires
fruits legumes;fruits;kiwis fruits exotiques;kiwis
fruits legumes;fruits;kiwis fruits exotiques;fruits exotiques
fruits legumes;fruits;fraises fruits rouges;framboises
fruits legumes;fruits;fraises fruits rouges;myrtilles mures groseilles
fruits legumes;legumes;tomates;tomates classiques
fruits legumes;legumes;tomates;tomates cerises
fruits legumes;legumes;carottes poireaux choux navets;carottes
fruits legumes;legumes;carottes poireaux choux navets;poireaux
fruits legumes;legumes;carottes poireaux choux navets;choux
fruits legumes;legumes;carottes poireaux choux navets;navets
fruits legumes;legumes;courgettes poivrons aubergines;courgettes
fruits legumes;legumes;courgettes poivrons aubergines;poivrons
fruits legumes;legumes;courgettes poivrons aubergines;aubergines
fruits legumes;legumes;avocats concombres radis;avocats
fruits legumes;legumes;avocats concombres radis;concombres
fruits legumes;legumes;avocats concombres radis;radis
fruits legumes;legumes;ails oignons echalotes;ails
fruits legumes;legumes;ails oignons echalotes;oignons
fruits legumes;legumes;ails oignons echalotes;echalotes
fruits legumes;legumes;salades betteraves endives;salades
fruits legumes;legumes;salades betteraves endives;betteraves
fruits legumes;legumes;salades betteraves endives;endives
fruits legumes;legumes;courges legumes anciens;courges
fruits legumes;legumes;courges legumes anciens;legumes anciens
fruits legumes;fruits legumes pret a consommer;legumes pret a consommer;crudites
fruits legumes;fruits legumes pret a consommer;legumes pret a consommer;purees fraiches
fruits legumes;fruits legumes pret a consommer;legumes pret a consommer;pommes de terre legumes cuits
fruits legumes;fruits legumes pret a consommer;legumes aperitifs;crudites
fruits legumes;fruits legumes pret a consommer;legumes aperitifs;olives
fruits legumes;fruits legumes pret a consommer;legumes aperitifs;tartinables
fruits legumes;jus de fruits frais gazpacho;jus mono fruits;jus de pommes
fruits legumes;jus de fruits frais gazpacho;jus mono fruits;jus d ananas
fruits legumes;jus de fruits frais gazpacho;jus mono fruits;jus de clementines
fruits legumes;jus de fruits frais gazpacho;jus mono fruits;jus de pamplemousse
fruits legumes;jus de fruits frais gazpacho;jus mono fruits;jus de raisins
fruits legumes;jus de fruits frais gazpacho;smoothies boissons rafraichissantes;smoothies
fruits legumes;jus de fruits frais gazpacho;smoothies boissons rafraichissantes;boissons rafraichissantes
boucherie volaille poissonnerie;boucherie;haches steaks haches farces;steaks haches
boucherie volaille poissonnerie;boucherie;haches steaks haches farces;haches cheveux d ange
boucherie volaille poissonnerie;boucherie;haches steaks haches farces;chairs et farces
boucherie volaille poissonnerie;boucherie;haches steaks haches farces;boulettes de viande
boucherie volaille poissonnerie;boucherie;boeuf;selection boeuf du boucher
boucherie volaille poissonnerie;boucherie;boeuf;haches steaks haches
boucherie volaille poissonnerie;boucherie;boeuf;steaks de boeuf
boucherie volaille poissonnerie;boucherie;boeuf;carpaccios tartares
boucherie volaille poissonnerie;boucherie;boeuf;burgers hot dogs
boucherie volaille poissonnerie;boucherie;boeuf;plats cuisines a base de boeuf
boucherie volaille poissonnerie;boucherie;porc;cotes filets rotis jarrets
boucherie volaille poissonnerie;boucherie;porc;saucisses cervelas
boucherie volaille poissonnerie;boucherie;porc;porc marine
boucherie volaille poissonnerie;boucherie;porc;crepinettes potees ribs
boucherie volaille poissonnerie;boucherie;saucisses merguez;saucisses
boucherie volaille poissonnerie;boucherie;saucisses merguez;merguez
boucherie volaille poissonnerie;boucherie;saucisses merguez;saucisses fumees specialites regionales
boucherie volaille poissonnerie;boucherie;saucisses merguez;chairs et farces
boucherie volaille poissonnerie;boucherie;saucisses merguez;boudins
boucherie volaille poissonnerie;boucherie;barbecue grillades;saucisses merguez
boucherie volaille poissonnerie;boucherie;barbecue grillades;viandes a griller
boucherie volaille poissonnerie;boucherie;barbecue grillades;brochettes
boucherie volaille poissonnerie;volaille lapin;poulet;decoupes de poulet
boucherie volaille poissonnerie;volaille lapin;poulet;poulets entiers
boucherie volaille poissonnerie;volaille lapin;poulet;volailles preparees
boucherie volaille poissonnerie;volaille lapin;canard lapin;canard
boucherie volaille poissonnerie;poissons crustaces;filets paves de poisson;saumon truite
boucherie volaille poissonnerie;poissons crustaces;filets paves de poisson;cabillaud merlan
boucherie volaille poissonnerie;poissons crustaces;filets paves de poisson;autres poissons
boucherie volaille poissonnerie;poissons crustaces;filets paves de poisson;poissons panes
boucherie volaille poissonnerie;poissons crustaces;saumon truite fumes;truite fumee
boucherie volaille poissonnerie;poissons crustaces;saumon truite fumes;saumon fume
boucherie volaille poissonnerie;traiteur de la mer;saumons truites fumes;saumon fume
boucherie volaille poissonnerie;traiteur de la mer;saumons truites fumes;truite fumee
boucherie volaille poissonnerie;traiteur de la mer;anchois tartinables blinis;rillettes tartinables
boucherie volaille poissonnerie;traiteur de la mer;anchois tartinables blinis;blinis
charcuterie traiteur pain;charcuterie;jambon cru charcuteries en tranche;plateaux de charcuterie chiffonades
charcuterie traiteur pain;charcuterie;jambon cru charcuteries en tranche;bacon rosette saucisson chorizo
charcuterie traiteur pain;charcuterie;jambon cru charcuteries en tranche;mortadelle coppa grison
charcuterie traiteur pain;charcuterie;jambon cru charcuteries en tranche;jambon cru sec fume
charcuterie traiteur pain;charcuterie;jambon de volaille eminces;jambon de volaille roti
charcuterie traiteur pain;charcuterie;jambon de volaille eminces;eminces des de volaille
charcuterie traiteur pain;charcuterie;jambon blanc roti haches;jambon blanc
charcuterie traiteur pain;charcuterie;jambon blanc roti haches;roti
charcuterie traiteur pain;charcuterie;jambon blanc roti haches;haches jambon a poeler
charcuterie traiteur pain;charcuterie;lardons des eminces;des rapes eminces
charcuterie traiteur pain;charcuterie;lardons des eminces;bacon
charcuterie traiteur pain;charcuterie;lardons des eminces;lardons allumettes poitrine
charcuterie traiteur pain;charcuterie;rillettes pates foie gras;foie gras
charcuterie traiteur pain;charcuterie;rillettes pates foie gras;pates
charcuterie traiteur pain;charcuterie;rillettes pates foie gras;rillettes
charcuterie traiteur pain;charcuterie;saucissons chorizos entiers;saucisson sec entier fuet
charcuterie traiteur pain;charcuterie;saucissons chorizos entiers;chorizo
charcuterie traiteur pain;charcuterie;saucissons chorizos entiers;cervelas saucissons a l ail
charcuterie traiteur pain;charcuterie;knacks saucisses;knacks
charcuterie traiteur pain;charcuterie;knacks saucisses;saucisses boudins andouillettes
charcuterie traiteur pain;traiteur;selection du traiteur;aperitifs entrees
charcuterie traiteur pain;traiteur;selection du traiteur;salade de crudites taboules
charcuterie traiteur pain;traiteur;selection du traiteur;pizza quiches croques monsieur
charcuterie traiteur pain;traiteur;selection du traiteur;traiteur du monde
charcuterie traiteur pain;traiteur;selection du traiteur;pates fraiches gnocchis
charcuterie traiteur pain;traiteur;selection du traiteur;plats cuisines
charcuterie traiteur pain;traiteur;salades de crudites taboules;taboules
charcuterie traiteur pain;traiteur;salades de crudites taboules;salade de crudites
charcuterie traiteur pain;traiteur;salades de crudites taboules;autres salades
charcuterie traiteur pain;traiteur;pates fraiches gnocchis quenelles;gnocchis
charcuterie traiteur pain;traiteur;pates fraiches gnocchis quenelles;pates fraiches
charcuterie traiteur pain;traiteur;pates fraiches gnocchis quenelles;pates fraiches farcies
charcuterie traiteur pain;traiteur;pates fraiches gnocchis quenelles;quenelles
charcuterie traiteur pain;traiteur;pates fraiches gnocchis quenelles;a poeler
charcuterie traiteur pain;traiteur;pates fraiches gnocchis quenelles;lasagnes
charcuterie traiteur pain;traiteur;pizzas quiches croques monsieur;pizza
charcuterie traiteur pain;traiteur;pizzas quiches croques monsieur;entrees feuilletees
charcuterie traiteur pain;traiteur;pizzas quiches croques monsieur;tartes salees quiches
charcuterie traiteur pain;traiteur;pizzas quiches croques monsieur;flammekueche
charcuterie traiteur pain;traiteur;pizzas quiches croques monsieur;croque monsieur
charcuterie traiteur pain;traiteur;cordons bleus nuggets;cordons bleus
charcuterie traiteur pain;traiteur;cordons bleus nuggets;nuggets
charcuterie traiteur pain;traiteur;cordons bleus nuggets;grignottes
charcuterie traiteur pain;traiteur;cordons bleus nuggets;panes vegetaux
charcuterie traiteur pain;traiteur;pates a tartes a pizzas galettes;pates feuilletees
charcuterie traiteur pain;traiteur;pates a tartes a pizzas galettes;pates brisees
charcuterie traiteur pain;traiteur;pates a tartes a pizzas galettes;pates a pizza
charcuterie traiteur pain;traiteur;pates a tartes a pizzas galettes;pates sablees
charcuterie traiteur pain;traiteur;pates a tartes a pizzas galettes;galettes crepes
charcuterie traiteur pain;traiteur;pates a tartes a pizzas galettes;feuilles de brick
charcuterie traiteur pain;traiteur;aperitifs tartinables;bouchees prefous cake tortilla
charcuterie traiteur pain;traiteur;aperitifs tartinables;foie gras
charcuterie traiteur pain;traiteur;aperitifs tartinables;olives tartinables tapas
charcuterie traiteur pain;traiteur;aperitifs tartinables;aperitifs de la mer tartinables
charcuterie traiteur pain;traiteur;aperitifs tartinables;blinis toasts
charcuterie traiteur pain;snacking salade plats cuisines;sandwich salades composees;sandwichs
charcuterie traiteur pain;snacking salade plats cuisines;sandwich salades composees;salade composee
charcuterie traiteur pain;snacking salade plats cuisines;plats cuisines;plats cuisine du monde
charcuterie traiteur pain;snacking salade plats cuisines;plats cuisines;plats poissons fruits de mer
charcuterie traiteur pain;snacking salade plats cuisines;plats cuisines;plats pates et riz cuisines
charcuterie traiteur pain;snacking salade plats cuisines;plats cuisines;plats gratines lasagnes
charcuterie traiteur pain;snacking salade plats cuisines;plats cuisines;plats vegetariens
charcuterie traiteur pain;snacking salade plats cuisines;plats cuisines;plats cuisine traditionnelle
charcuterie traiteur pain;snacking salade plats cuisines;box de pates burger galettes;box de pates
charcuterie traiteur pain;snacking salade plats cuisines;box de pates burger galettes;burger galettes
charcuterie traiteur pain;snacking salade plats cuisines;desserts boissons;desserts
charcuterie traiteur pain;snacking salade plats cuisines;desserts boissons;boissons
charcuterie traiteur pain;pain patisserie;pains patisseries fraiches;viennoiseries
charcuterie traiteur pain;pain patisserie;pains patisseries fraiches;patisseries
charcuterie traiteur pain;pain patisserie;pains de mie toasts;nature
charcuterie traiteur pain;pain patisserie;pains de mie toasts;complet
charcuterie traiteur pain;pain patisserie;pains de mie toasts;cereales
charcuterie traiteur pain;pain patisserie;pains de mie toasts;toasts
charcuterie traiteur pain;pain patisserie;pains de mie toasts;sans croute
charcuterie traiteur pain;pain patisserie;pains burger pain du monde;burger
charcuterie traiteur pain;pain patisserie;pains burger pain du monde;hot dogs bagels
charcuterie traiteur pain;pain patisserie;pains burger pain du monde;muffins bruchetta panini
charcuterie traiteur pain;pain patisserie;pains burger pain du monde;feuilles de bricks galettes de mais
charcuterie traiteur pain;pain patisserie;brioches pains au lait;brioches gaches
charcuterie traiteur pain;pain patisserie;brioches pains au lait;pains au lait briochettes
surgeles;aperitifs pizzas plats cuisines;pizzas;pizza pate fine
surgeles;aperitifs pizzas plats cuisines;pizzas;pizza pate epaisse
surgeles;aperitifs pizzas plats cuisines;pizzas;mini pizza
surgeles;aperitifs pizzas plats cuisines;tartes quiches flammekueches;flammekueches
surgeles;aperitifs pizzas plats cuisines;tartes quiches flammekueches;quiches
surgeles;aperitifs pizzas plats cuisines;tartes quiches flammekueches;tartes
surgeles;aperitifs pizzas plats cuisines;plats cuisines;plats cuisines individuels
surgeles;aperitifs pizzas plats cuisines;plats cuisines;plats cuisines familiaux
surgeles;aperitifs pizzas plats cuisines;plats cuisines;plats cuisines vegetariens
surgeles;aperitifs pizzas plats cuisines;plats cuisines;plats cuisson express
surgeles;aperitifs pizzas plats cuisines;aperitifs petits fours;bouchees a rechauffer
surgeles;aperitifs pizzas plats cuisines;aperitifs petits fours;mini pizza
surgeles;aperitifs pizzas plats cuisines;aperitifs petits fours;escargots
surgeles;aperitifs pizzas plats cuisines;aperitifs petits fours;produit du monde
surgeles;aperitifs pizzas plats cuisines;burger feuilletes crepes;feuilletes friands
surgeles;aperitifs pizzas plats cuisines;burger feuilletes crepes;crepes galettes
surgeles;aperitifs pizzas plats cuisines;burger feuilletes crepes;burger
surgeles;aperitifs pizzas plats cuisines;burger feuilletes crepes;hot dog
surgeles;aperitifs pizzas plats cuisines;cuisine du monde;asie
surgeles;aperitifs pizzas plats cuisines;cuisine du monde;orient
surgeles;aperitifs pizzas plats cuisines;cuisine du monde;mediterranee autres pays
surgeles;legumes;legumes nature melanges de legumes;mono legumes
surgeles;legumes;legumes nature melanges de legumes;melanges de legumes
surgeles;legumes;legumes cuisines purees gratins;poeles
surgeles;legumes;legumes cuisines purees gratins;purees
surgeles;legumes;legumes cuisines purees gratins;gratins et palets
surgeles;frites pommes de terre;pommes noisettes rissolees roestis;noisettes dauphine duchesse
surgeles;frites pommes de terre;pommes noisettes rissolees roestis;poelees rissolees
surgeles;frites pommes de terre;pommes noisettes rissolees roestis;potatoes roestis croquettes
surgeles;frites pommes de terre;pommes noisettes rissolees roestis;specialites enfants
surgeles;viandes poissons;steaks haches boulettes;steaks haches
surgeles;viandes poissons;steaks haches boulettes;haches
surgeles;viandes poissons;steaks haches boulettes;boulettes de viandes
surgeles;viandes poissons;steaks haches boulettes;halal
surgeles;viandes poissons;cordon bleus nuggets volailles;cordons bleus
surgeles;viandes poissons;cordon bleus nuggets volailles;nuggets
surgeles;viandes poissons;cordon bleus nuggets volailles;volailles
surgeles;viandes poissons;poissons panes cuisines;poissons panes
surgeles;viandes poissons;poissons panes cuisines;coquilles
surgeles;viandes poissons;poissons panes cuisines;poissons cuisines
surgeles;viandes poissons;crustaces mollusques;saint jacques
surgeles;viandes poissons;crustaces mollusques;escargots
surgeles;viandes poissons;crustaces mollusques;autres coquillages et crustaces
surgeles;viandes poissons;crustaces mollusques;cuisses de grenouille
surgeles;glaces viennoiseries;batonnets mini batonnets;batonnets
surgeles;glaces viennoiseries;batonnets mini batonnets;mini batonnets
surgeles;glaces viennoiseries;pots mini pots;pots
surgeles;glaces viennoiseries;pots mini pots;mini pots
surgeles;glaces viennoiseries;bacs sorbets cremes glacees;sorbets
surgeles;glaces viennoiseries;bacs sorbets cremes glacees;cremes glacees
surgeles;glaces viennoiseries;cones barres batonnets;barres
surgeles;glaces viennoiseries;cones barres batonnets;glaces enfants
surgeles;glaces viennoiseries;viennoiseries patisseries et specialites;patisseries et specialites
surgeles;glaces viennoiseries;viennoiseries patisseries et specialites;viennoiseries
epicerie sucree;cafes;cafe moulu cafe en grains filtres;cafe moulu
epicerie sucree;cafes;cafe moulu cafe en grains filtres;cafe en grains
epicerie sucree;cafes;cafe moulu cafe en grains filtres;arabica
epicerie sucree;cafes;cafe moulu cafe en grains filtres;robusta
epicerie sucree;cafes;cafe moulu cafe en grains filtres;cafe dorigine
epicerie sucree;cafes;cafe moulu cafe en grains filtres;decafeine
epicerie sucree;cafes;cafe moulu cafe en grains filtres;filtres et detartrants
epicerie sucree;cafes;capsules dolce gusto et dosettes tassimo;capsules compatibles tassimo
epicerie sucree;cafes;capsules dolce gusto et dosettes tassimo;capsules compatibles dolce gusto
epicerie sucree;cafes;dosettes capsules autres machines;boules compatibles coffee b
epicerie sucree;cafes;dosettes capsules autres machines;capsules compatibles malongo
epicerie sucree;cafes;dosettes capsules autres machines;capsules compatibles l or barista
epicerie sucree;cafes;dosettes capsules autres machines;capsules compatibles dolce gusto neo
epicerie sucree;cafes;cafe soluble chicoree cappuccino;cafe soluble
epicerie sucree;cafes;cafe soluble chicoree cappuccino;cappuccino et viennois
epicerie sucree;cafes;cafe soluble chicoree cappuccino;chicoree
epicerie sucree;petit dejeuner thes chocolats en poudre;boissons chaudes;chocolat en poudre
epicerie sucree;petit dejeuner thes chocolats en poudre;boissons chaudes;thes
epicerie sucree;petit dejeuner thes chocolats en poudre;boissons chaudes;tisanes infusions
epicerie sucree;petit dejeuner thes chocolats en poudre;boissons chaudes;infusions a froid
epicerie sucree;petit dejeuner thes chocolats en poudre;pates a tartiner confitures miels;pates a tartiner
epicerie sucree;petit dejeuner thes chocolats en poudre;pates a tartiner confitures miels;miel sirop d erable
epicerie sucree;petit dejeuner thes chocolats en poudre;pates a tartiner confitures miels;confitures aux fruits rouges
epicerie sucree;petit dejeuner thes chocolats en poudre;pates a tartiner confitures miels;confitures aux fruits jaunes
epicerie sucree;petit dejeuner thes chocolats en poudre;pates a tartiner confitures miels;autres confitures
epicerie sucree;petit dejeuner thes chocolats en poudre;viennoiseries brioches pains au lait;brioches
epicerie sucree;petit dejeuner thes chocolats en poudre;viennoiseries brioches pains au lait;brioches fourrees
epicerie sucree;petit dejeuner thes chocolats en poudre;viennoiseries brioches pains au lait;pains au lait briochettes
epicerie sucree;petit dejeuner thes chocolats en poudre;viennoiseries brioches pains au lait;viennoiseries
epicerie sucree;petit dejeuner thes chocolats en poudre;cereales barres;cereales chocolatees
epicerie sucree;petit dejeuner thes chocolats en poudre;cereales barres;cereales aux fruits nature miel
epicerie sucree;petit dejeuner thes chocolats en poudre;cereales barres;granola
epicerie sucree;petit dejeuner thes chocolats en poudre;cereales barres;cereales minceur
epicerie sucree;petit dejeuner thes chocolats en poudre;cereales barres;barres de cereales
epicerie sucree;petit dejeuner thes chocolats en poudre;biscottes biscuits petit dejeuner;biscuits petit dejeuner
epicerie sucree;petit dejeuner thes chocolats en poudre;biscottes biscuits petit dejeuner;biscottes cracottes
epicerie sucree;petit dejeuner thes chocolats en poudre;biscottes biscuits petit dejeuner;pains grilles pains suedois
epicerie sucree;petit dejeuner thes chocolats en poudre;pains de mie pains frais;pains de mie
epicerie sucree;petit dejeuner thes chocolats en poudre;pains de mie pains frais;pains precuits
epicerie sucree;biscuits gateaux;biscuits gateaux au chocolat vanille;biscuits nappes
epicerie sucree;biscuits gateaux;biscuits gateaux au chocolat vanille;biscuits gateaux fourres
epicerie sucree;biscuits gateaux;madeleines cake nature quatre quart;madeleines
epicerie sucree;biscuits gateaux;madeleines cake nature quatre quart;quatre quart marbres
epicerie sucree;biscuits gateaux;madeleines cake nature quatre quart;cakes
epicerie sucree;biscuits gateaux;madeleines cake nature quatre quart;pains d epices
epicerie sucree;biscuits gateaux;cookies brownies;cookies
epicerie sucree;biscuits gateaux;cookies brownies;brownies
epicerie sucree;biscuits gateaux;gaufres crepes;gaufres
epicerie sucree;biscuits gateaux;gaufres crepes;crepes
epicerie sucree;biscuits gateaux;biscuits secs sables;galettes
epicerie sucree;biscuits gateaux;biscuits secs sables;petits beurres et nature
epicerie sucree;biscuits gateaux;biscuits secs sables;sables
epicerie sucree;biscuits gateaux;biscuits secs sables;feuilletes
epicerie sucree;biscuits gateaux;biscuits secs sables;boudoirs
epicerie sucree;biscuits gateaux;biscuits secs sables;speculoos
epicerie sucree;biscuits gateaux;biscuits fins assortiments;biscuits fins
epicerie sucree;biscuits gateaux;biscuits fins assortiments;assortiments de biscuits
epicerie sucree;biscuits gateaux;dietetique;galettes
epicerie sucree;biscuits gateaux;dietetique;biscuits
epicerie sucree;chocolats confiseries;chocolats de noel;calendriers de l avent
epicerie sucree;chocolats confiseries;chocolats de noel;coffrets et assortiments a offrir
epicerie sucree;chocolats confiseries;chocolats de noel;chocolats enfants
epicerie sucree;chocolats confiseries;chocolats de noel;chocolats adultes
epicerie sucree;chocolats confiseries;chocolats de noel;autres specialites et confiseries
epicerie sucree;chocolats confiseries;tablettes de chocolat;chocolat patissier
epicerie sucree;chocolats confiseries;tablettes de chocolat;chocolat au lait
epicerie sucree;chocolats confiseries;tablettes de chocolat;chocolat noir
epicerie sucree;chocolats confiseries;tablettes de chocolat;chocolat blanc
epicerie sucree;chocolats confiseries;tablettes de chocolat;tablettes fourrees
epicerie sucree;chocolats confiseries;tablettes de chocolat;tablettes degustation
epicerie sucree;chocolats confiseries;confiseries au chocolat;billes chocolatees
epicerie sucree;chocolats confiseries;confiseries au chocolat;barres chocolatees
epicerie sucree;chocolats confiseries;confiseries au chocolat;surprises
epicerie sucree;chocolats confiseries;confiseries au chocolat;carres de chocolat
epicerie sucree;chocolats confiseries;confiseries au chocolat;confiserie a offrir
epicerie sucree;chocolats confiseries;bonbons;bonbons gelifies et acidules
epicerie sucree;chocolats confiseries;bonbons;guimauves
epicerie sucree;chocolats confiseries;bonbons;assortiments et sucettes
epicerie sucree;chocolats confiseries;bonbons;bonbons menthe reglisse
epicerie sucree;chocolats confiseries;bonbons;confiseries de poche
epicerie sucree;chocolats confiseries;bonbons;caramels
epicerie sucree;desserts sucres farines dietetique;compotes cremes dessert;compotes
epicerie sucree;desserts sucres farines dietetique;compotes cremes dessert;cremes dessert
epicerie sucree;desserts sucres farines dietetique;farines;farines de bles
epicerie sucree;desserts sucres farines dietetique;farines;farines specifiques
epicerie sucree;desserts sucres farines dietetique;aides a la patisserie fruits au sirop;levures sucres vanilles
epicerie sucree;desserts sucres farines dietetique;aides a la patisserie fruits au sirop;lait en poudre lait concentre
epicerie sucree;desserts sucres farines dietetique;aides a la patisserie fruits au sirop;vanille aromes gelifiants
epicerie sucree;desserts sucres farines dietetique;aides a la patisserie fruits au sirop;amandes coco fruits secs et confits
epicerie sucree;desserts sucres farines dietetique;aides a la patisserie fruits au sirop;fruits au sirop
epicerie sucree;desserts sucres farines dietetique;aides a la patisserie fruits au sirop;nappages decorations
epicerie sucree;desserts sucres farines dietetique;aides a la patisserie fruits au sirop;pepites de chocolat
epicerie sucree;desserts sucres farines dietetique;sucres edulcorants;sucre en morceaux
epicerie sucree;desserts sucres farines dietetique;sucres edulcorants;sucre en poudre
epicerie sucree;desserts sucres farines dietetique;sucres edulcorants;sucre glace sirop d agave autres sucres
epicerie sucree;desserts sucres farines dietetique;sucres edulcorants;edulcorants
epicerie sucree;desserts sucres farines dietetique;sucres edulcorants;sucre de canne cassonade
epicerie sucree;desserts sucres farines dietetique;produits dietetiques;boissons vegetales
epicerie sucree;desserts sucres farines dietetique;produits dietetiques;complements alimentaires
epicerie sucree;desserts sucres farines dietetique;produits dietetiques;repas minceur desserts
epicerie sucree;desserts sucres farines dietetique;produits dietetiques;biscuits patisseries moelleuses
epicerie sucree;desserts sucres farines dietetique;produits dietetiques;nutrition sportive
epicerie salee;aperitif;chips;chips nature
epicerie salee;aperitif;chips;chips aromatisees
epicerie salee;aperitif;chips;chips de legumes
epicerie salee;aperitif;chips;lots multipacks
epicerie salee;aperitif;tuiles tortillas;tuiles
epicerie salee;aperitif;tuiles tortillas;chips tortillas
epicerie salee;aperitif;biscuits sales;crackers
epicerie salee;aperitif;biscuits sales;souffles
epicerie salee;aperitif;biscuits sales;bretzels
epicerie salee;aperitif;biscuits sales;gressins
epicerie salee;aperitif;cacahuetes pistaches melanges;cacahuetes
epicerie salee;aperitif;cacahuetes pistaches melanges;cacahuetes enrobees
epicerie salee;aperitif;cacahuetes pistaches melanges;noix de cajou
epicerie salee;aperitif;cacahuetes pistaches melanges;pistaches
epicerie salee;aperitif;cacahuetes pistaches melanges;amandes
epicerie salee;aperitif;cacahuetes pistaches melanges;melanges de fruits secs
epicerie salee;aperitif;olives tartinables tapenades;olives
epicerie salee;aperitif;olives tartinables tapenades;tartinables
epicerie salee;aperitif;olives tartinables tapenades;toasts
epicerie salee;aperitif;olives tartinables tapenades;sauces aperitif confits chutney
epicerie salee;aperitif;saucissons chorizos;chorizo
epicerie salee;aperitif;saucissons chorizos;saucisson sec entier fuet
epicerie salee;aperitif;saucissons chorizos;cervelas saucissons a l ail
epicerie salee;huiles sauces aides culinaires;huiles;huiles d olive
epicerie salee;huiles sauces aides culinaires;huiles;huiles de tournesol
epicerie salee;huiles sauces aides culinaires;huiles;huiles pour friture
epicerie salee;huiles sauces aides culinaires;huiles;autres huiles
epicerie salee;huiles sauces aides culinaires;vinaigres sauce crudites;vinaigre balsamique
epicerie salee;huiles sauces aides culinaires;vinaigres sauce crudites;vinaigre aromatise
epicerie salee;huiles sauces aides culinaires;vinaigres sauce crudites;vinaigre blanc
epicerie salee;huiles sauces aides culinaires;vinaigres sauce crudites;vinaigrettes sauces crudites
epicerie salee;huiles sauces aides culinaires;ketchups mayonnaises sauces froides;mayonnaise
epicerie salee;huiles sauces aides culinaires;ketchups mayonnaises sauces froides;ketchup
epicerie salee;huiles sauces aides culinaires;ketchups mayonnaises sauces froides;moutarde piccalilli
epicerie salee;huiles sauces aides culinaires;ketchups mayonnaises sauces froides;autres sauces froides
epicerie salee;huiles sauces aides culinaires;ketchups mayonnaises sauces froides;sauces du monde
epicerie salee;huiles sauces aides culinaires;sauces tomate sauces chaudes;sauces tomate
epicerie salee;huiles sauces aides culinaires;sauces tomate sauces chaudes;sauces bolognaise
epicerie salee;huiles sauces aides culinaires;sauces tomate sauces chaudes;sauces pour viandes et poissons
epicerie salee;huiles sauces aides culinaires;sauces tomate sauces chaudes;sauces fromageres bechamel
epicerie salee;huiles sauces aides culinaires;sauces tomate sauces chaudes;sauces pesto
epicerie salee;huiles sauces aides culinaires;sel poivre herbes epices;sel fin
epicerie salee;huiles sauces aides culinaires;sel poivre herbes epices;gros sel et fleur de sel
epicerie salee;huiles sauces aides culinaires;sel poivre herbes epices;bicarbonate
epicerie salee;huiles sauces aides culinaires;sel poivre herbes epices;poivre et melanges de baies
epicerie salee;huiles sauces aides culinaires;sel poivre herbes epices;herbes
epicerie salee;huiles sauces aides culinaires;sel poivre herbes epices;epices
epicerie salee;huiles sauces aides culinaires;bouillons aides culinaires;bouillons cube
epicerie salee;huiles sauces aides culinaires;bouillons aides culinaires;bouillons liquides
epicerie salee;huiles sauces aides culinaires;bouillons aides culinaires;fond de sauces fumets
epicerie salee;huiles sauces aides culinaires;bouillons aides culinaires;aromes liquides
epicerie salee;huiles sauces aides culinaires;bouillons aides culinaires;papillotes jus de citron
epicerie salee;conserves soupes;conserves de legumes;haricots flageolets
epicerie salee;conserves soupes;conserves de legumes;petits pois et carottes
epicerie salee;conserves soupes;conserves de legumes;tomates poivrons
epicerie salee;conserves soupes;conserves de legumes;champignons
epicerie salee;conserves soupes;conserves de legumes;lentilles pois chiches
epicerie salee;conserves soupes;conserves de legumes;mais legumes froids
epicerie salee;conserves soupes;conserves de legumes;melanges de legumes
epicerie salee;conserves soupes;conserves de legumes;autres legumes
epicerie salee;conserves soupes;conserves de poisson;thon
epicerie salee;conserves soupes;conserves de poisson;sardines
epicerie salee;conserves soupes;conserves de poisson;maquereaux
epicerie salee;conserves soupes;conserves de poisson;tartinables
epicerie salee;conserves soupes;conserves de poisson;autres conserves de poissons
epicerie salee;conserves soupes;conserves de viande;foie gras
epicerie salee;conserves soupes;conserves de viande;pates terrines
epicerie salee;conserves soupes;conserves de viande;confits gesiers
epicerie salee;conserves soupes;conserves de viande;autres conserves de viande
epicerie salee;conserves soupes;soupes liquides croutons;melanges de legumes
epicerie salee;conserves soupes;soupes liquides croutons;mono legumes
epicerie salee;conserves soupes;soupes liquides croutons;veloutes de legumes
epicerie salee;conserves soupes;soupes liquides croutons;bouillons soupe de poissons
epicerie salee;conserves soupes;soupes liquides croutons;croutons accompagnements
epicerie salee;conserves soupes;soupes deshydratees instantanees;familiales deshydratees
epicerie salee;conserves soupes;soupes deshydratees instantanees;individuelles instantanees
epicerie salee;conserves soupes;soupes deshydratees instantanees;soupes de nouilles
epicerie salee;conserves soupes;cornichons olives condiments;cornichons
epicerie salee;conserves soupes;cornichons olives condiments;olives
epicerie salee;conserves soupes;cornichons olives condiments;capres oignons ails
epicerie salee;conserves soupes;cornichons olives condiments;autres condiments
epicerie salee;pates riz legumes secs;pates;coquillettes macaroni
epicerie salee;pates riz legumes secs;pates;pennes farfalles fusilli
epicerie salee;pates riz legumes secs;pates;spaghetti tagliatelles linguine
epicerie salee;pates riz legumes secs;pates;pates completes
epicerie salee;pates riz legumes secs;pates;lasagnes cannelloni
epicerie salee;pates riz legumes secs;pates;cuisson rapide
epicerie salee;pates riz legumes secs;pates;nouilles asiatiques
epicerie salee;pates riz legumes secs;pates;pates alphabets colorees
epicerie salee;pates riz legumes secs;pates;autres pates
epicerie salee;pates riz legumes secs;riz;riz micro ondables
epicerie salee;pates riz legumes secs;riz;sachets cuisson
epicerie salee;pates riz legumes secs;riz;riz basmati et thai
epicerie salee;pates riz legumes secs;riz;riz long grain
epicerie salee;pates riz legumes secs;riz;riz complets
epicerie salee;pates riz legumes secs;riz;autres riz speciaux
epicerie salee;pates riz legumes secs;bles cereales legumes secs;legumes secs
epicerie salee;pates riz legumes secs;bles cereales legumes secs;cereales
epicerie salee;pates riz legumes secs;bles cereales legumes secs;bles
epicerie salee;pates riz legumes secs;bles cereales legumes secs;melanges
epicerie salee;pates riz legumes secs;couscous semoule;couscous
epicerie salee;pates riz legumes secs;couscous semoule;semoule
epicerie salee;plats cuisines produits du monde;conserves;pates raviolis
epicerie salee;plats cuisines produits du monde;conserves;plats brasserie terroir
epicerie salee;plats cuisines produits du monde;conserves;quenelles garniture
epicerie salee;plats cuisines produits du monde;conserves;taboules salades
epicerie salee;plats cuisines produits du monde;asie;aperitif
epicerie salee;plats cuisines produits du monde;asie;soupes nouilles instantanees
epicerie salee;plats cuisines produits du monde;asie;nouilles riz
epicerie salee;plats cuisines produits du monde;asie;laits et cremes coco
epicerie salee;plats cuisines produits du monde;asie;sauces soja sauces froides
epicerie salee;plats cuisines produits du monde;asie;sauces chaudes
epicerie salee;plats cuisines produits du monde;asie;legumes a cuisiner epices
epicerie salee;plats cuisines produits du monde;tex mex;kits
epicerie salee;plats cuisines produits du monde;tex mex;wraps
epicerie salee;plats cuisines produits du monde;tex mex;legumes a cuisiner
epicerie salee;plats cuisines produits du monde;tex mex;sauces melanges d epices
epicerie salee;plats cuisines produits du monde;tex mex;aperitif
epicerie salee;plats cuisines produits du monde;produits du monde;espagne italie portugal
epicerie salee;plats cuisines produits du monde;produits du monde;orient
epicerie salee;plats cuisines produits du monde;produits du monde;etats unis angleterre
boissons sans alcool;eaux laits;eaux plates natures;eaux plates de source
boissons sans alcool;eaux laits;eaux plates natures;eaux plates minerales
boissons sans alcool;eaux laits;eaux aromatisees fruitees;aromatisees gazeuses
boissons sans alcool;eaux laits;eaux aromatisees fruitees;aromatisees plates
boissons sans alcool;eaux laits;eaux petits formats enfants;eaux natures
boissons sans alcool;eaux laits;eaux petits formats enfants;eaux aromatisees fruitees
boissons sans alcool;eaux laits;lait boissons vegetales;lait demi ecreme
boissons sans alcool;eaux laits;lait boissons vegetales;lait ecreme
boissons sans alcool;eaux laits;lait boissons vegetales;lait entier
boissons sans alcool;eaux laits;lait boissons vegetales;lait frais
boissons sans alcool;eaux laits;lait boissons vegetales;lait aromatise
boissons sans alcool;eaux laits;lait boissons vegetales;lait sans lactose lait de chevre brebis
boissons sans alcool;eaux laits;lait boissons vegetales;boissons vegetales
boissons sans alcool;jus de fruits jus de legumes;jus d orange jus d agrumes;jus d orange
boissons sans alcool;jus de fruits jus de legumes;jus d orange jus d agrumes;jus de pamplemousse clementine citron
boissons sans alcool;jus de fruits jus de legumes;jus de pomme raisin fruits du verger;jus de pomme de poire
boissons sans alcool;jus de fruits jus de legumes;jus de pomme raisin fruits du verger;jus de raisin et fruits rouges
boissons sans alcool;jus de fruits jus de legumes;jus d ananas fruits exotiques;jus d ananas
boissons sans alcool;jus de fruits jus de legumes;jus d ananas fruits exotiques;jus de fruits exotiques
boissons sans alcool;jus de fruits jus de legumes;jus de fruits frais smoothies gazpacho;jus d orange
boissons sans alcool;jus de fruits jus de legumes;jus de fruits frais smoothies gazpacho;jus agrumes
boissons sans alcool;jus de fruits jus de legumes;jus de fruits frais smoothies gazpacho;jus multifruits
boissons sans alcool;jus de fruits jus de legumes;jus de fruits frais smoothies gazpacho;jus de pommes raisins ananas grenade
boissons sans alcool;jus de fruits jus de legumes;jus de fruits frais smoothies gazpacho;smoothies boissons lactees
boissons sans alcool;jus de fruits jus de legumes;jus de fruits frais smoothies gazpacho;gazpacho
boissons sans alcool;colas boissons gazeuses energisantes;colas;colas classiques
boissons sans alcool;colas boissons gazeuses energisantes;colas;colas zero light
boissons sans alcool;colas boissons gazeuses energisantes;colas;colas petits formats
boissons sans alcool;colas boissons gazeuses energisantes;colas;colas aromatises
boissons sans alcool;thes boissons plates aux fruits sirops;sirops concentres;grenadine et fruits rouges
boissons sans alcool;thes boissons plates aux fruits sirops;sirops concentres;menthe
boissons sans alcool;thes boissons plates aux fruits sirops;sirops concentres;agrumes
boissons sans alcool;thes boissons plates aux fruits sirops;sirops concentres;peches et autres parfums
vins bieres alcool;bieres futs cidres;cave a bieres;bieres blondes
vins bieres alcool;bieres futs cidres;cave a bieres;bieres brunes ambrees
vins bieres alcool;bieres futs cidres;cave a bieres;bieres blanches aromatisees fruitees
vins bieres alcool;bieres futs cidres;cave a bieres;ipa
vins bieres alcool;bieres futs cidres;cave a bieres;triple
vins bieres alcool;bieres futs cidres;bieres blanches aromatisees fruitees;bieres blanches
vins bieres alcool;bieres futs cidres;bieres blanches aromatisees fruitees;bieres aromatisees
vins bieres alcool;bieres futs cidres;bieres sans alcool panaches;panaches
vins bieres alcool;aperitifs spiritueux;whisky;blended malt
vins bieres alcool;aperitifs spiritueux;whisky;single malt
vins bieres alcool;aperitifs spiritueux;whisky;bourbon americain
vins bieres alcool;aperitifs spiritueux;whisky;whisky japonais
vins bieres alcool;aperitifs spiritueux;whisky;whiskey irlandais
vins bieres alcool;aperitifs spiritueux;whisky;whisky ecossais
vins bieres alcool;aperitifs spiritueux;whisky;boissons a base de whisky
vins bieres alcool;aperitifs spiritueux;rhums punchs;rhums blancs et cachaca
vins bieres alcool;aperitifs spiritueux;rhums punchs;rhums ambres bruns
vins bieres alcool;aperitifs spiritueux;rhums punchs;rhums vieux
vins bieres alcool;aperitifs spiritueux;rhums punchs;boissons a base de rhum rhums arranges
vins bieres alcool;aperitifs spiritueux;vodka tequila gin;vodka
vins bieres alcool;aperitifs spiritueux;vodka tequila gin;gin
vins bieres alcool;aperitifs spiritueux;vodka tequila gin;tequila
vins bieres alcool;aperitifs spiritueux;aperitifs pastis cocktails;pastis aperitifs anises
vins bieres alcool;aperitifs spiritueux;aperitifs pastis cocktails;alcools aperitifs
vins bieres alcool;aperitifs spiritueux;aperitifs pastis cocktails;liqueur digestif eau de vie
vins bieres alcool;aperitifs spiritueux;mixologie cocktails a faire soi meme;moscow mule
vins bieres alcool;aperitifs spiritueux;mixologie cocktails a faire soi meme;mojito mojito fraise
vins bieres alcool;aperitifs spiritueux;mixologie cocktails a faire soi meme;spritz
vins bieres alcool;aperitifs spiritueux;mixologie cocktails a faire soi meme;cosmopolitan
vins bieres alcool;aperitifs spiritueux;mixologie cocktails a faire soi meme;pina colada
vins bieres alcool;aperitifs spiritueux;mixologie cocktails a faire soi meme;soupe de champagne
vins bieres alcool;aperitifs spiritueux;mixologie cocktails a faire soi meme;caipirinha
vins bieres alcool;aperitifs spiritueux;mixologie cocktails a faire soi meme;margarita
vins bieres alcool;aperitifs spiritueux;mixologie cocktails a faire soi meme;sangria rouge blanche rosegria
vins bieres alcool;aperitifs spiritueux;mixologie cocktails a faire soi meme;gin fizz tonic concombre
vins bieres alcool;aperitifs spiritueux;mixologie cocktails a faire soi meme;irish coffee
vins bieres alcool;la grande cave auchan;vin;vins de bordeaux
vins bieres alcool;la grande cave auchan;vin;vins de bourgogne
vins bieres alcool;la grande cave auchan;vin;vins du rhone
vins bieres alcool;la grande cave auchan;vin;vins de loire
vins bieres alcool;la grande cave auchan;vin;vins du languedoc roussillon
vins bieres alcool;la grande cave auchan;vin;vins d alsace
vins bieres alcool;la grande cave auchan;vin;vins de provence et de corse
vins bieres alcool;la grande cave auchan;vin;vins du monde
vins bieres alcool;la grande cave auchan;vin;vins bio
vins bieres alcool;la grande cave auchan;vin;magnum
vins bieres alcool;la grande cave auchan;vin;seconds vins
vins bieres alcool;la grande cave auchan;champagnes vins effervescents;champagne de marque
vins bieres alcool;la grande cave auchan;champagnes vins effervescents;champagne brut et demi sec
vins bieres alcool;la grande cave auchan;alcool;alcool aperitif
vins bieres alcool;la grande cave auchan;alcool;vins doux porto xeres
hygiene beaute parapharmacie;soins du visage hygiene dentaire maquillage;hygiene dentaire;dentifrices
hygiene beaute parapharmacie;soins du visage hygiene dentaire maquillage;hygiene dentaire;brosses a dents
hygiene beaute parapharmacie;soins du visage hygiene dentaire maquillage;hygiene dentaire;dentifrices brosses a dents enfants
hygiene beaute parapharmacie;soins du visage hygiene dentaire maquillage;hygiene dentaire;bains de bouche
hygiene beaute parapharmacie;soins du visage hygiene dentaire maquillage;hygiene dentaire;accessoires soins dentaires
hygiene beaute parapharmacie;soins du visage hygiene dentaire maquillage;cotons cotons tiges lingettes;cotons
hygiene beaute parapharmacie;soins du visage hygiene dentaire maquillage;cotons cotons tiges lingettes;lingettes visage
hygiene beaute parapharmacie;soins du visage hygiene dentaire maquillage;cotons cotons tiges lingettes;cotons tiges
hygiene beaute parapharmacie;soins du visage hygiene dentaire maquillage;nettoyants demaquillants;demaquillants visage
hygiene beaute parapharmacie;soins du visage hygiene dentaire maquillage;nettoyants demaquillants;demaquillants yeux
hygiene beaute parapharmacie;soins du visage hygiene dentaire maquillage;nettoyants demaquillants;eaux micellaires
hygiene beaute parapharmacie;soins du visage hygiene dentaire maquillage;nettoyants demaquillants;gels nettoyants
hygiene beaute parapharmacie;soins du visage hygiene dentaire maquillage;cremes soins visage;soins anti age
hygiene beaute parapharmacie;soins du visage hygiene dentaire maquillage;cremes soins visage;cremes de jour
hygiene beaute parapharmacie;soins du visage hygiene dentaire maquillage;cremes soins visage;cremes de nuit
hygiene beaute parapharmacie;soins du visage hygiene dentaire maquillage;cremes soins visage;masques gommages
hygiene beaute parapharmacie;soins du visage hygiene dentaire maquillage;cremes soins visage;soins peaux jeunes
hygiene beaute parapharmacie;soins du visage hygiene dentaire maquillage;cremes soins visage;soins des levres
hygiene beaute parapharmacie;soins du visage hygiene dentaire maquillage;maquillage;teint
hygiene beaute parapharmacie;soins du visage hygiene dentaire maquillage;maquillage;yeux
hygiene beaute parapharmacie;soins du visage hygiene dentaire maquillage;maquillage;levres
hygiene beaute parapharmacie;soins du visage hygiene dentaire maquillage;maquillage;ongles
hygiene beaute parapharmacie;hygiene soins du corps;gels douche bain;gels douches
hygiene beaute parapharmacie;hygiene soins du corps;gels douche bain;bains moussants
hygiene beaute parapharmacie;hygiene soins du corps;gels douche bain;douche bains enfants
hygiene beaute parapharmacie;hygiene soins du corps;gels douche bain;toilette intime
hygiene beaute parapharmacie;hygiene soins du corps;gels douche bain;grands formats
hygiene beaute parapharmacie;hygiene soins du corps;gels douche bain;accessoires
hygiene beaute parapharmacie;hygiene soins du corps;savons;savons solides
hygiene beaute parapharmacie;hygiene soins du corps;savons;savons liquides
hygiene beaute parapharmacie;hygiene soins du corps;savons;recharges de savon
hygiene beaute parapharmacie;hygiene soins du corps;savons;antibacteriens lingettes
hygiene beaute parapharmacie;hygiene soins du corps;deodorants parfums;sprays
hygiene beaute parapharmacie;hygiene soins du corps;deodorants parfums;sticks billes
hygiene beaute parapharmacie;hygiene soins du corps;deodorants parfums;parfums
hygiene beaute parapharmacie;hygiene soins du corps;cremes soins corps;cremes hydratantes
hygiene beaute parapharmacie;hygiene soins du corps;cremes soins corps;soins des mains soins des pieds
hygiene beaute parapharmacie;hygiene soins du corps;cremes soins corps;gommage corps
hygiene beaute parapharmacie;hygiene soins du corps;cremes soins corps;soins amincissants raffermissants
hygiene beaute parapharmacie;hygiene soins du corps;epilation rasage;rasoirs femme
hygiene beaute parapharmacie;hygiene soins du corps;epilation rasage;rasoirs lames homme
hygiene beaute parapharmacie;hygiene soins du corps;epilation rasage;gels mousses a raser
hygiene beaute parapharmacie;hygiene soins du corps;epilation rasage;cires bandes
hygiene beaute parapharmacie;hygiene soins du corps;epilation rasage;cremes depilatoires
hygiene beaute parapharmacie;hygiene soins du corps;solaires;laits cremes solaires
hygiene beaute parapharmacie;hygiene soins du corps;solaires;protections solaires enfant
hygiene beaute parapharmacie;hygiene soins du corps;solaires;huile solaires
hygiene beaute parapharmacie;hygiene soins du corps;solaires;apres solaires
hygiene beaute parapharmacie;soins des cheveux;shampoings;cheveux normaux
hygiene beaute parapharmacie;soins des cheveux;shampoings;shampoings antipelliculaires
hygiene beaute parapharmacie;soins des cheveux;shampoings;cheveux secs abimes
hygiene beaute parapharmacie;soins des cheveux;shampoings;cheveux colores meches
hygiene beaute parapharmacie;soins des cheveux;shampoings;cheveux a tendance grasse
hygiene beaute parapharmacie;soins des cheveux;shampoings;cheveux boucles frises crepus
hygiene beaute parapharmacie;soins des cheveux;shampoings;shampoings secs
hygiene beaute parapharmacie;soins des cheveux;shampoings;shampoings solides
hygiene beaute parapharmacie;soins des cheveux;shampoings;shampoings enfants anti poux
hygiene beaute parapharmacie;soins des cheveux;shampoings;shampoings homme
hygiene beaute parapharmacie;soins des cheveux;apres shampoings;demelants
hygiene beaute parapharmacie;soins des cheveux;apres shampoings;cheveux secs abimes
hygiene beaute parapharmacie;soins des cheveux;apres shampoings;cheveux colores meches
hygiene beaute parapharmacie;soins des cheveux;apres shampoings;cheveux boucles frises crepus
hygiene beaute parapharmacie;soins des cheveux;masques soins;cheveux secs abimes fragilises
hygiene beaute parapharmacie;soins des cheveux;masques soins;cheveux colores meches
hygiene beaute parapharmacie;soins des cheveux;masques soins;classiques demelants
hygiene beaute parapharmacie;soins des cheveux;masques soins;cheveux boucles frises crepus
hygiene beaute parapharmacie;soins des cheveux;masques soins;huiles capillaires
hygiene beaute parapharmacie;soins des cheveux;laques mousses coiffantes;laques
hygiene beaute parapharmacie;soins des cheveux;laques mousses coiffantes;mousses eaux coiffantes
hygiene beaute parapharmacie;soins des cheveux;laques mousses coiffantes;gels
hygiene beaute parapharmacie;soins des cheveux;laques mousses coiffantes;cires
hygiene beaute parapharmacie;soins des cheveux;coloration;coloration permanente
hygiene beaute parapharmacie;soins des cheveux;coloration;eclaircissants
hygiene beaute parapharmacie;hygiene soins homme;deodorants parfums;sprays
hygiene beaute parapharmacie;hygiene soins homme;deodorants parfums;sticks billes
hygiene beaute parapharmacie;hygiene soins homme;deodorants parfums;parfums
hygiene beaute parapharmacie;hygiene soins homme;soins du visage;nettoyant
hygiene beaute parapharmacie;hygiene soins homme;soins du visage;hydratant
hygiene beaute parapharmacie;hygiene soins homme;soins du visage;anti age anti rides
hygiene beaute parapharmacie;hygiene soins homme;barbe rasage;rasoirs lames homme
hygiene beaute parapharmacie;hygiene soins homme;barbe rasage;mousses gels a raser homme
hygiene beaute parapharmacie;hygiene soins homme;barbe rasage;apres rasage
hygiene beaute parapharmacie;hygiene soins homme;barbe rasage;huile a barbe accessoires
hygiene beaute parapharmacie;mouchoirs protections hygieniques petite parapharmacie;mouchoirs;boites
hygiene beaute parapharmacie;mouchoirs protections hygieniques petite parapharmacie;mouchoirs;paquets
hygiene beaute parapharmacie;mouchoirs protections hygieniques petite parapharmacie;papier toilette;papier toilette humide
hygiene beaute parapharmacie;mouchoirs protections hygieniques petite parapharmacie;papier toilette;papier toilette
hygiene beaute parapharmacie;mouchoirs protections hygieniques petite parapharmacie;protections hygiene feminine;serviettes hygieniques
hygiene beaute parapharmacie;mouchoirs protections hygieniques petite parapharmacie;protections hygiene feminine;protege slips
hygiene beaute parapharmacie;mouchoirs protections hygieniques petite parapharmacie;protections hygiene feminine;tampons avec applicateur
hygiene beaute parapharmacie;mouchoirs protections hygieniques petite parapharmacie;protections hygiene feminine;tampons sans applicateur
hygiene beaute parapharmacie;mouchoirs protections hygieniques petite parapharmacie;protections hygiene feminine;toilette intime
hygiene beaute parapharmacie;mouchoirs protections hygieniques petite parapharmacie;protections hygiene feminine;hygiene feminines eco responsables
hygiene beaute parapharmacie;mouchoirs protections hygieniques petite parapharmacie;protections hygiene feminine;serviettes avec ailettes
hygiene beaute parapharmacie;mouchoirs protections hygieniques petite parapharmacie;protections hygiene feminine;serviettes periodiques nuit
hygiene beaute parapharmacie;mouchoirs protections hygieniques petite parapharmacie;incontinence;femme
hygiene beaute parapharmacie;mouchoirs protections hygieniques petite parapharmacie;incontinence;homme
hygiene beaute parapharmacie;mouchoirs protections hygieniques petite parapharmacie;incontinence;sous vetements
hygiene beaute parapharmacie;mouchoirs protections hygieniques petite parapharmacie;preservatifs gels de massage;preservatifs
hygiene beaute parapharmacie;mouchoirs protections hygieniques petite parapharmacie;preservatifs gels de massage;lubrifiants
hygiene beaute parapharmacie;mouchoirs protections hygieniques petite parapharmacie;petite parapharmacie;desinfectants arnica
hygiene beaute parapharmacie;mouchoirs protections hygieniques petite parapharmacie;petite parapharmacie;pansements compresses
hygiene beaute parapharmacie;mouchoirs protections hygieniques petite parapharmacie;petite parapharmacie;optique auditif
hygiene beaute parapharmacie;mouchoirs protections hygieniques petite parapharmacie;petite parapharmacie;soins des pieds
hygiene beaute parapharmacie;mouchoirs protections hygieniques petite parapharmacie;petite parapharmacie;accessoires
hygiene beaute parapharmacie;mouchoirs protections hygieniques petite parapharmacie;petite parapharmacie;complements alimentaires
hygiene beaute parapharmacie;mouchoirs protections hygieniques petite parapharmacie;petite parapharmacie;masques gels savons
entretien maison;papier toilette essuie tout mouchoir;papier toilette;papier toilette
entretien maison;papier toilette essuie tout mouchoir;papier toilette;papier toilette humide
entretien maison;papier toilette essuie tout mouchoir;mouchoirs;boites
entretien maison;papier toilette essuie tout mouchoir;mouchoirs;paquets
entretien maison;soin du linge;lessives;liquide
entretien maison;soin du linge;lessives;capsules
entretien maison;soin du linge;lessives;noir couleur et blanc
entretien maison;soin du linge;lessives;bebe hypoallergenique
entretien maison;soin du linge;lessives;poudre et tablettes
entretien maison;soin du linge;lessives;main et delicat
entretien maison;soin du linge;assouplissants adoucissants;liquide classique
entretien maison;soin du linge;assouplissants adoucissants;liquide concentre
entretien maison;soin du linge;assouplissants adoucissants;berlingots et recharges
entretien maison;soin du linge;assouplissants adoucissants;lingettes assouplissantes
entretien maison;soin du linge;assouplissants adoucissants;parfum de linge
entretien maison;soin du linge;detachants anti decoloration;liquide
entretien maison;soin du linge;detachants anti decoloration;spray
entretien maison;soin du linge;detachants anti decoloration;lingettes
entretien maison;soin du linge;detachants anti decoloration;poudre tablettes
entretien maison;vaisselle entretien lave vaisselle;liquide vaisselle;liquides classiques
entretien maison;vaisselle entretien lave vaisselle;liquide vaisselle;peaux sensibles
entretien maison;vaisselle entretien lave vaisselle;liquide vaisselle;degraissants
entretien maison;vaisselle entretien lave vaisselle;liquide vaisselle;antibacteriens
entretien maison;vaisselle entretien lave vaisselle;liquide vaisselle;naturels
entretien maison;vaisselle entretien lave vaisselle;gels pastilles lave vaisselle;gels lave vaisselle
entretien maison;vaisselle entretien lave vaisselle;gels pastilles lave vaisselle;pastilles lave vaisselle
entretien maison;vaisselle entretien lave vaisselle;entretien lave vaisselle;poudres lave vaisselle
entretien maison;vaisselle entretien lave vaisselle;entretien lave vaisselle;rincage lave vaisselle
entretien maison;vaisselle entretien lave vaisselle;entretien lave vaisselle;sels regenerant lave vaisselle
entretien maison;vaisselle entretien lave vaisselle;entretien lave vaisselle;desodorisant lave vaisselle
entretien maison;vaisselle entretien lave vaisselle;accessoires vaisselle;eponges
entretien maison;vaisselle entretien lave vaisselle;accessoires vaisselle;gants menage
entretien maison;vaisselle entretien lave vaisselle;accessoires vaisselle;tampons a recurer
entretien maison;vaisselle entretien lave vaisselle;accessoires vaisselle;goupillons
entretien maison;produits d entretien;nettoyants multi usage vitres sols;multi usage
entretien maison;produits d entretien;nettoyants multi usage vitres sols;nettoyants sols
entretien maison;produits d entretien;nettoyants multi usage vitres sols;lingettes sols
entretien maison;produits d entretien;nettoyants multi usage vitres sols;serpilleres balais
entretien maison;produits d entretien;nettoyants multi usage vitres sols;nettoyage parquets tapis moquettes
entretien maison;produits d entretien;nettoyants multi usage vitres sols;nettoyage meubles vitres
entretien maison;produits d entretien;nettoyants multi usage vitres sols;vinaigres menagers
entretien maison;produits d entretien;wc canalisations;blocs cuvettes
entretien maison;produits d entretien;wc canalisations;entretien canalisations
entretien maison;produits d entretien;wc canalisations;deboucheurs
entretien maison;produits d entretien;wc canalisations;detartrants
entretien maison;produits d entretien;wc canalisations;lingettes wc
entretien maison;produits d entretien;wc canalisations;javel
entretien maison;produits d entretien;wc canalisations;desodorisants
entretien maison;produits d entretien;wc canalisations;gels nettoyants
entretien maison;produits d entretien;desinfectants lingettes javel;multi usages
entretien maison;produits d entretien;desinfectants lingettes javel;lingettes nettoyantes desinfectantes
entretien maison;produits d entretien;desinfectants lingettes javel;javel
entretien maison;produits d entretien;desodorisants;spray
entretien maison;produits d entretien;desodorisants;diffuseurs
entretien maison;produits d entretien;desodorisants;bougies parfumees
entretien maison;produits d entretien;insecticides;anti mites
entretien maison;produits d entretien;insecticides;anti cafards fourmis
entretien maison;produits d entretien;insecticides;anti moustiques mouches
entretien maison;accessoires menagers maison;sacs poubelle;sacs poubelle 5l a 20l
entretien maison;accessoires menagers maison;sacs poubelle;sacs poubelle 30l
entretien maison;accessoires menagers maison;sacs poubelle;sacs poubelle 50l
entretien maison;accessoires menagers maison;sacs poubelle;sacs poubelle 100l ou plus
entretien maison;accessoires menagers maison;papiers alu emballages ustensiles vaisselle;films alimentaires etirables
entretien maison;accessoires menagers maison;papiers alu emballages ustensiles vaisselle;papiers aluminium
entretien maison;accessoires menagers maison;papiers alu emballages ustensiles vaisselle;papiers cuisson
entretien maison;accessoires menagers maison;papiers alu emballages ustensiles vaisselle;sacs de conservation
entretien maison;accessoires menagers maison;papiers alu emballages ustensiles vaisselle;barquettes aluminium
entretien maison;accessoires menagers maison;papiers alu emballages ustensiles vaisselle;vaisselle jetable
entretien maison;accessoires menagers maison;papiers alu emballages ustensiles vaisselle;filtre carafe cartouches
entretien maison;accessoires menagers maison;papiers alu emballages ustensiles vaisselle;ustensiles conservation
entretien maison;accessoires menagers maison;eponges gants serpillieres sacs aspirateurs;eponges
entretien maison;accessoires menagers maison;eponges gants serpillieres sacs aspirateurs;gants menage
entretien maison;accessoires menagers maison;eponges gants serpillieres sacs aspirateurs;tampons a recurer
entretien maison;accessoires menagers maison;eponges gants serpillieres sacs aspirateurs;chiffons microfibres
entretien maison;accessoires menagers maison;eponges gants serpillieres sacs aspirateurs;balais serpillieres sacs aspirateur
entretien maison;accessoires menagers maison;jouets jeux videos culture;jouets
entretien maison;accessoires menagers maison;decoration entretien chaussures textile;entretien chaussures textile
entretien maison;accessoires menagers maison;decoration entretien chaussures textile;decoration
regimes alimentaires et nutrition;regimes alimentaires specifiques;halal;boissons laits fermentes
regimes alimentaires et nutrition;regimes alimentaires specifiques;halal;epicerie salee
regimes alimentaires et nutrition;regimes alimentaires specifiques;halal;jambon de volaille charcuterie
regimes alimentaires et nutrition;regimes alimentaires specifiques;halal;surgeles
regimes alimentaires et nutrition;regimes alimentaires specifiques;halal;boucherie volaille
bebe;laits petits dejeuners de bebe;laits de croissance junior des 10 mois;lait en poudre
bebe;laits petits dejeuners de bebe;laits de croissance junior des 10 mois;lait liquide
bebe;laits petits dejeuners de bebe;cereales petits dejeuners;cereales en poudre
bebe;laits petits dejeuners de bebe;cereales petits dejeuners;cereales prets a boire
bebe;repas desserts gouters de bebe;repas a base de viande ou poisson;viandes
bebe;repas desserts gouters de bebe;repas a base de viande ou poisson;poissons
bebe;repas desserts gouters de bebe;desserts gouters jus;desserts lactes nature
bebe;repas desserts gouters de bebe;desserts gouters jus;desserts lactes aux fruits
bebe;repas desserts gouters de bebe;desserts gouters jus;desserts lactes gourmands
bebe;repas desserts gouters de bebe;desserts gouters jus;compotes
bebe;repas desserts gouters de bebe;desserts gouters jus;biscuits bebe
bebe;repas desserts gouters de bebe;desserts gouters jus;jus de fruits
bebe;repas desserts gouters de bebe;soupes repas du soir;repas du soir
bebe;couches toilette de bebe;couches;t0 et t1 2 a 5kg
bebe;couches toilette de bebe;couches;t2 4 a 8kg
bebe;couches toilette de bebe;couches;t3 6 a 10kg
bebe;couches toilette de bebe;couches;t4 et t4 9 a 15kg
bebe;couches toilette de bebe;couches;t5 et 5 11 a 20kg
bebe;couches toilette de bebe;couches;t6 et t7 15kg
bebe;couches toilette de bebe;couches culottes;t4 et t4 9 a 15kg
bebe;couches toilette de bebe;couches culottes;t5 et t5 12 a 17kg
bebe;couches toilette de bebe;couches culottes;t6 et t7 15kg
bebe;couches toilette de bebe;couches culottes;culottes bain nuit apprentissage
bebe;couches toilette de bebe;lingettes cotons bebe;lingettes bebe
bebe;couches toilette de bebe;lingettes cotons bebe;cotons
bebe;couches toilette de bebe;toilette de bebe;shampoings
bebe;couches toilette de bebe;toilette de bebe;eaux nettoyantes
bebe;couches toilette de bebe;toilette de bebe;laits de toilette
bebe;couches toilette de bebe;toilette de bebe;liniments et cremes de change
bebe;couches toilette de bebe;toilette de bebe;gels lavants
bebe;couches toilette de bebe;toilette de bebe;cremes hydratantes
